Administrativa,Popis Administrativa,18.7.2023
Administrativa,Popis Administrativa,17.7.2023
Administrativa,Popis Administrativa,19.7.2023
Administrativa,Popis Administrativa,15.7.2023
Administrativa,Popis Administrativa,14.7.2023
Administrativa,Popis Administrativa,12.7.2023
Administrativa,Popis Administrativa,5.7.2023
Administrativa,Popis Administrativa,14.7.2023
Administrativa,Popis Administrativa,18.7.2023
Administrativa,Popis Administrativa,3.7.2023
Administrativa,Popis Administrativa,9.7.2023
Administrativa,Popis Administrativa,15.7.2023
Administrativa,Popis Administrativa,16.7.2023
Administrativa,Popis Administrativa,11.7.2023
Administrativa,Popis Administrativa,19.7.2023
Administrativa,Popis Administrativa,12.7.2023
Administrativa,Popis Administrativa,10.7.2023
Administrativa,Popis Administrativa,9.7.2023
Administrativa,Popis Administrativa,19.7.2023
Administrativa,Popis Administrativa,14.7.2023
Administrativa,Popis Administrativa,17.7.2023
Administrativa,Popis Administrativa,11.7.2023
Administrativa,Popis Administrativa,20.7.2023
Administrativa,Popis Administrativa,20.7.2023
Administrativa,Popis Administrativa,6.7.2023
Administrativa,Popis Administrativa,8.7.2023
Administrativa,Popis Administrativa,3.7.2023
Administrativa,Popis Administrativa,18.7.2023
Administrativa,Popis Administrativa,4.7.2023
Administrativa,Popis Administrativa,1.7.2023
Administrativa,Popis Administrativa,8.7.2023
Administrativa,Popis Administrativa,10.7.2023
Administrativa,Popis Administrativa,12.7.2023
Administrativa,Popis Administrativa,13.7.2023
Reklamacia,Popis Reklamacia,18.7.2023,dolezite
Reklamacia,Popis Reklamacia,1.7.2023
Administrativa,Popis Administrativa,8.7.2023
Reklamacia,Popis Reklamacia,19.7.2023
Reklamacia,Popis Reklamacia,12.7.2023
Administrativa,Popis Administrativa,20.7.2023
Reklamacia,Popis Reklamacia,10.7.2023
Reklamacia,Popis Reklamacia,15.7.2023,dolezite
Administrativa,Popis Administrativa,18.7.2023
Reklamacia,Popis Reklamacia,14.7.2023
Administrativa,Popis Administrativa,13.7.2023
Reklamacia,Popis Reklamacia,14.7.2023
Reklamacia,Popis Reklamacia,20.7.2023
Reklamacia,Popis Reklamacia,13.7.2023
Administrativa,Popis Administrativa,12.7.2023
Reklamacia,Popis Reklamacia,11.7.2023,dolezite